{
  "created_at": 1776439109.3699944,
  "created_at_iso": "2026-04-17T15:18:29.369994+00:00",
  "duration_seconds": 30.0,
  "tick_count": 26,
  "sample_rate_hz": 256.0,
  "window_sec": 4.0,
  "print_interval_sec": 1.0,
  "mean_engagement": 0.7563573922493564,
  "std_engagement": 0.27110187316784307,
  "min_engagement": 0.10177565206384566,
  "max_engagement": 1.116904896920663,
  "std_multiplier": 1.0,
  "derived_threshold": 0.4852555190815133
}